,R2,folds,target
0,-0.25372785386584806,0,PCA
1,-0.34902652927768196,1,PCA
2,-0.28133219066217996,2,PCA
3,-0.21926156315141254,3,PCA
4,-0.0681033710007497,4,PCA
